id,name_tokens,ingredient_tokens,steps_tokens,metadata_json,mixed_field
1,"[2639, 49598, 19024, 17049, 15628, 10144]","[[45348], [6697, 39698, 28651, 3082, 2952], [15328], [34118, 40453], [37781], [47925, 43590], [28493, 15446, 30439, 39618, 19231], [11463]]","[28696, 23298, 19210, 11189, 15110, 23059, 7698, 7078, 25898, 7338, 24526, 23541, 40565, 18335, 3847, 48823, 31108, 36142, 9180, 25807, 6164, 37178, 20213, 42198, 41535, 24700, 38837, 13601, 47174, 5558, 4003, 44336]","{""calories"": 333, ""tags"": [""tag_2"", ""tag_4"", ""tag_2""], ""flags"": {""vegan"": false, ""gluten_free"": false, ""favorite_score"": 2.27}}","list=[3, 6, 6, 4, 5] ;   dict={""a"": 1, ""b"": 10} ;   flags=[maybe, on, maybe]"
2,"[11708, 31294, 25867, 18691, 42943, 46099, 37500, 15392]","[[4665, 16010, 3103], [27290, 18546, 5337], [38170, 48049], [14934, 43954, 33717], [43129, 31071, 10363, 18359], [17162, 49823], [36322, 18219, 49956, 39311, 29077], [27175, 24723, 15373, 10065, 34392]]","[6957, 4087, 8185, 11016, 42120, 11484, 45596, 28666, 40086, 5163, 26216, 26009, 40052, 31674, 35676, 17476, 37256, 1752, 45583, 48233, 8507, 45676, 36190, 18486, 43006]","{""calories"": 448, ""tags"": [""tag_5""], ""flags"": {""vegan"": false, ""gluten_free"": true, ""favorite_score"": 2.27}}","list=[9, 3, 9, 2, 5] ;   dict={""a"": 5, ""b"": 10} ;   flags=[on, on, off]"
3,"[36348, 35757, 1037, 40252, 22243, 33021, 2276]","[[21153, 16692, 4796], [38182, 6161], [48966]]","[5535, 35911, 9241, 9414, 44237, 32148, 37031, 11821, 18370, 35581, 40753, 28730, 14880, 36343, 48836, 46211, 14182, 47723, 21428, 27148, 45019, 43590, 25472, 29711, 34919]","{""calories"": 562, ""tags"": [""tag_4""], ""flags"": {""vegan"": true, ""gluten_free"": true, ""favorite_score"": 1.69}}","list=[9, 4, 4, 1, 2, 1, 4] ;   dict={""a"": 1, ""b"": 6} ;   flags=[off, on, maybe]"
4,"[19250, 44842, 32812, 15040, 36339, 9671, 48405, 38423]","[[16925, 31996, 27677, 13478], [7352], [24219, 28759, 27941, 31606], [45129], [4972], [48724, 23236, 8161, 17295], [13465, 36146]]","[10186, 28648, 13025, 19254, 31318, 17371, 5940, 30041, 37066, 7416, 4315, 43738, 36427, 1967, 7112, 16491, 11899, 27634, 32826, 32546, 15008, 27282, 4842, 11789]","{""calories"": 488, ""tags"": [""tag_7""], ""flags"": {""vegan"": false, ""gluten_free"": false, ""favorite_score"": 1.43}}","list=[8, 3, 4, 5, 4, 1, 9] ;   dict={""a"": 1, ""b"": 8} ;   flags=[on, on, maybe]"
5,"[33954, 35807, 11317, 4727, 34281, 6250, 13178, 5490, 39996, 5453, 45250, 16414]","[[38334], [38940, 39962], [41591], [28474], [38042, 35261, 21733, 18089, 14386], [16642, 18407, 26938]]","[45019, 43303, 20660, 30964, 21720, 5754, 1610, 31034, 41708, 37896, 7552, 5801, 36234, 14969]","{""calories"": 618, ""tags"": [""tag_3"", ""tag_6"", ""tag_2""], ""flags"": {""vegan"": true, ""gluten_free"": false, ""favorite_score"": 1.42}}","list=[9, 5, 9, 1, 9, 5] ;   dict={""a"": 1, ""b"": 7} ;   flags=[off, on, on]"
6,"[18848, 19465, 40638, 14803, 48029, 23471, 14342]","[[34122, 33016, 17457], [7048], [19132, 3889, 1232, 22859], [42753, 18167], [49577, 29956], [47246, 29028, 37759, 1633, 8331], [46286], [36755, 3361]]","[25196, 39175, 37210, 10705, 29166, 9352, 3741, 21202, 24897, 3614, 24449, 14767, 45699, 17353, 44708, 7736, 24178, 37692, 27632, 41675, 11128, 16514, 11649, 12603, 28020, 2624, 12754, 49271, 22770, 27982, 44903, 49172, 17263, 18485, 11433, 46958]","{""calories"": 210, ""tags"": [""tag_1"", ""tag_8"", ""tag_4"", ""tag_4""], ""flags"": {""vegan"": false, ""gluten_free"": false, ""favorite_score"": 1.53}}","list=[4, 1, 4, 7] ;   dict={""a"": 3, ""b"": 8} ;   flags=[on, off, off]"
7,"[45532, 36141, 22702, 2808, 8559, 18118, 12702, 39049, 18397, 3507, 8104]","[[23654, 48745, 21557, 29599], [34516, 8578, 26244, 38787, 13457], [3908, 47450, 29577], [35073], [46013, 48148, 49624, 49302, 44950], [24869, 29265], [44531]]","[22639, 41839, 21572, 44475, 9167, 48169, 20681, 34234, 21269, 44705, 27764, 22376, 27371, 46692, 20376, 37333, 9341, 13572, 28554, 44576, 25847, 45388, 12405, 41338, 38296, 20723, 27612, 36909, 1026, 20914, 19803, 14774, 29173, 39009, 40758, 43906, 22118, 31473, 29952]","{""calories"": 552, ""tags"": [""tag_9"", ""tag_8""], ""flags"": {""vegan"": true, ""gluten_free"": true, ""favorite_score"": 1.42}}","list=[6, 2, 4, 5, 4, 4, 3] ;   dict={""a"": 1, ""b"": 6} ;   flags=[on, off, maybe]"
8,"[30846, 28160, 42272, 38727, 13742, 48077]","[[33399, 27191, 16989, 10671], [7985], [15341, 12526, 46607, 34944], [4291, 37530, 17331, 8953], [9738, 31450, 44750, 35808], [40023, 21794, 30004, 41150, 48138], [28966, 36905, 30223, 11430, 49736], [30495, 17986, 17203, 42789]]","[35163, 32758, 42074, 16679, 18996, 29827, 6077, 47762, 19725, 16367, 18807, 23010, 21952, 36399, 6280, 10068, 10884, 16155]","{""calories"": 492, ""tags"": [""tag_4"", ""tag_2""], ""flags"": {""vegan"": false, ""gluten_free"": false, ""favorite_score"": 1.65}}","list=[7, 1, 4, 7, 7, 1] ;   dict={""a"": 5, ""b"": 9} ;   flags=[off, on, off]"
9,"[26558, 28460, 36272, 49989, 49144, 36791, 40534, 15453, 32996]","[[29562, 32827, 2902], [23028, 44835, 45508, 27497], [31630, 9364], [36004, 2767, 26822, 39790, 37987]]","[2776, 6501, 43123, 29089, 9893, 31257, 12909, 4295, 18049, 25844, 22453, 14871, 30799, 22420, 23118, 25846, 19235, 28627, 17532, 6367, 31822, 2270, 36351, 4413, 23935, 15694, 43607, 5496, 43713, 3638, 3033]","{""calories"": 353, ""tags"": [""tag_1"", ""tag_10""], ""flags"": {""vegan"": true, ""gluten_free"": true, ""favorite_score"": 0.63}}","list=[4, 8, 5] ;   dict={""a"": 3, ""b"": 7} ;   flags=[maybe, maybe, maybe]"
10,"[11732, 21384, 8084, 38924, 2682, 21444]","[[26995, 47859, 13997, 5980], [46260, 42106, 16915, 7678, 46691], [45843, 40348, 8933], [3691, 23754, 35913, 29074, 44353], [5519, 34158, 43437], [1829, 28528, 33125], [29411]]","[24736, 42653, 31129, 47354, 11026, 29540, 12543, 49090, 35193, 43628, 18700, 41364, 36269, 32686, 31465, 29545, 48908, 39828, 18589, 22122, 17088, 6679, 19279, 30543, 16981, 31455, 38345, 40998, 44790, 25837, 23046, 2880, 33394, 22300, 12917, 32952, 14901, 24253, 17931, 23304]","{""calories"": 386, ""tags"": [""tag_9"", ""tag_1"", ""tag_9""], ""flags"": {""vegan"": true, ""gluten_free"": true, ""favorite_score"": 1.21}}","list=[8, 9, 4, 8, 8, 8] ;   dict={""a"": 1, ""b"": 6} ;   flags=[off, on, off]"
11,"[21067, 44513, 39112, 25184, 32015, 37272, 35794, 23528]","[[22678, 24056, 47062, 30736, 18754], [17475, 16108, 8907], [21679, 8835], [46230, 13133, 13552, 15180, 49405], [19120, 48486, 39639, 35382], [19546, 7588, 13721, 20414, 15908]]","[12759, 20809, 1927, 47400, 36005, 9295, 18977, 3982, 4573, 37264, 20145, 46705, 9275, 42803, 33170, 7723, 1803, 38621, 19634, 31762, 32373]","{""calories"": 551, ""tags"": [""tag_3"", ""tag_1"", ""tag_5""], ""flags"": {""vegan"": false, ""gluten_free"": true, ""favorite_score"": 4.11}}","list=[8, 2, 1, 3, 3, 5] ;   dict={""a"": 1, ""b"": 7} ;   flags=[on, maybe, off]"
12,"[35247, 25928, 30524, 30014, 20487, 39569, 29103, 21013]","[[4947, 40952, 49502, 7503, 14617], [18343, 44281], [11292], [12391, 37175], [11258], [27772], [46178, 39916, 31796, 20087]]","[16170, 19881, 47331, 19528, 47070, 30755, 5664, 46048, 16297, 18337, 41963]","{""calories"": 703, ""tags"": [""tag_7"", ""tag_2""], ""flags"": {""vegan"": true, ""gluten_free"": true, ""favorite_score"": 4.54}}","list=[2, 1, 3, 5] ;   dict={""a"": 5, ""b"": 10} ;   flags=[off, off, on]"
13,"[46133, 20928, 46857, 27378, 18841, 33798, 36388, 33361, 29688, 6271, 40192, 3612]","[[40564, 17408, 2695], [16002], [39477, 2359, 45058, 18662, 38764], [12481], [35010, 43697, 29981, 19229], [39360, 29566]]","[33225, 6979, 31802, 23803, 27761, 22843, 22040, 44917, 7855, 11539, 22614, 27977, 46460, 33471, 19888, 44423, 27244, 37051, 3404, 30807, 6771, 21612, 17541, 22186, 8597, 27488, 34724, 1075, 44100, 36559]","{""calories"": 573, ""tags"": [""tag_1"", ""tag_4"", ""tag_9"", ""tag_6""], ""flags"": {""vegan"": false, ""gluten_free"": false, ""favorite_score"": 3.8}}","list=[5, 9, 3, 5] ;   dict={""a"": 4, ""b"": 9} ;   flags=[on, on, maybe]"
14,"[47516, 11379, 21365, 37099, 1896, 37192, 27738, 7108]","[[31241], [43448], [33661, 47963], [34349, 47229, 18919]]","[32621, 31947, 16973, 30935, 37127, 10479, 26138, 13491, 40280, 34308, 49909, 9946, 5575, 19104, 28193, 23274, 34275, 18509, 1168, 19536, 48582, 20566, 39465]","{""calories"": 693, ""tags"": [""tag_3"", ""tag_8"", ""tag_9"", ""tag_8""], ""flags"": {""vegan"": false, ""gluten_free"": false, ""favorite_score"": 2.76}}","list=[7, 8, 6, 4, 4, 7, 4] ;   dict={""a"": 4, ""b"": 6} ;   flags=[off, maybe, off]"
15,"[26302, 44495, 43730, 10968, 33461, 3426, 9273, 33918, 39678, 22757, 7577]","[[35468], [2005, 48346, 10447, 27868], [5903, 31768], [23187, 41845, 46397], [43587, 6263, 22532, 45194], [25904, 21752, 42077, 48101, 32978]]","[36456, 3352, 41465, 5484, 16385, 42363, 45852, 19833, 15908, 49940, 6923, 29440, 7451, 42533, 47130, 7586, 30076, 11902, 46482, 20625, 2897, 4014, 22258, 4677, 20226, 24492, 25565, 29225, 10540, 17003, 35810, 28004, 38088, 45682, 12800, 12140, 12473]","{""calories"": 180, ""tags"": [""tag_10"", ""tag_4"", ""tag_8"", ""tag_10""], ""flags"": {""vegan"": true, ""gluten_free"": true, ""favorite_score"": 2.31}}","list=[8, 5, 1, 8, 5] ;   dict={""a"": 5, ""b"": 7} ;   flags=[on, off, off]"
16,"[42873, 28807, 46240, 17390, 30939, 20799, 14055, 26211, 32667]","[[25993, 38481], [38670, 20390, 46827], [2437, 44137, 26939]]","[1530, 38088, 45944, 49802, 4214, 40741, 49835, 33553, 19756, 16081, 40784, 24089, 15352, 42721, 13460, 41690, 17425, 45417]","{""calories"": 873, ""tags"": [""tag_2"", ""tag_1""], ""flags"": {""vegan"": false, ""gluten_free"": false, ""favorite_score"": 0.17}}","list=[3, 2, 5, 6, 7] ;   dict={""a"": 2, ""b"": 7} ;   flags=[on, maybe, off]"
17,"[11783, 17840, 32578, 20342, 49926, 23198, 8547, 31692, 5934]","[[45323, 48462], [37524, 24971, 6918, 26858], [18331], [9099, 30804, 25155, 45094, 45062]]","[39309, 25970, 42847, 25344, 8100, 45226, 16323, 31898, 2640, 41602, 37792, 22496, 40982, 15507, 43444, 5142, 42641, 31426]","{""calories"": 817, ""tags"": [""tag_7"", ""tag_2"", ""tag_3""], ""flags"": {""vegan"": true, ""gluten_free"": true, ""favorite_score"": 1.52}}","list=[2, 2, 4, 9, 3, 7] ;   dict={""a"": 4, ""b"": 8} ;   flags=[maybe, maybe, maybe]"
18,"[39491, 49645, 48618, 11126, 28189, 43920, 7489, 33069, 41347, 27746, 19333]","[[15238, 30057, 30143], [24768, 7511], [36682, 43259, 24506]]","[27092, 19080, 13439, 9005, 30800, 7007, 44435, 14900, 43054, 42909, 40134]","{""calories"": 121, ""tags"": [""tag_6""], ""flags"": {""vegan"": true, ""gluten_free"": true, ""favorite_score"": 3.93}}","list=[2, 9, 4, 4] ;   dict={""a"": 2, ""b"": 8} ;   flags=[on, maybe, on]"
19,"[10482, 9519, 36403, 17426, 12435, 8204, 44323, 2689, 9637]","[[16593, 39591, 22218], [12419], [4434, 9307, 49609]]","[35477, 8448, 49867, 5165, 32211, 30378, 24726, 34635, 39906, 8146, 30622, 34019, 15519, 41311, 3841, 48660, 44181, 35173, 20767, 31018, 43161, 3041, 4986]","{""calories"": 590, ""tags"": [""tag_7"", ""tag_2"", ""tag_8"", ""tag_8""], ""flags"": {""vegan"": true, ""gluten_free"": true, ""favorite_score"": 1.61}}","list=[2, 3, 5, 9] ;   dict={""a"": 3, ""b"": 9} ;   flags=[maybe, maybe, off]"
20,"[34131, 40677, 29193, 7499, 46991, 8498, 43907, 43658, 37132, 48240, 15091, 29185]","[[28119, 23212], [27131, 28262, 48815, 7231], [28968, 21481, 44588], [25530, 11003, 46011], [5399, 6978, 6594, 7109], [7328, 49797, 49417, 25421]]","[9527, 37462, 4930, 39434, 37804, 37810, 22603, 44909, 9010, 27922, 24173, 44603, 28717, 48255, 4371, 19850, 40348, 21476, 24045, 7789, 38874, 34253, 14942, 11140, 44039, 32600, 15696, 8092, 23945, 37455, 25088, 8529, 19256, 38624, 15821]","{""calories"": 539, ""tags"": [""tag_10""], ""flags"": {""vegan"": false, ""gluten_free"": true, ""favorite_score"": 0.9}}","list=[6, 6, 1, 3, 3] ;   dict={""a"": 5, ""b"": 9} ;   flags=[on, on, maybe]"
21,"[7013, 49897, 35765, 15098, 25654]","[[23340, 11315, 25251, 21423], [38197, 40074, 6567], [11196], [41490, 4261], [18832], [44380, 28788, 32828, 40785]]","[28143, 18902, 15127, 34577, 8459, 23621, 29174, 8267, 19562, 45447, 45465, 39871, 32891, 35533, 44721, 21212, 3976, 15451, 26903, 40277, 4590, 1503, 14397, 20753]","{""calories"": 316, ""tags"": [""tag_5"", ""tag_5""], ""flags"": {""vegan"": false, ""gluten_free"": true, ""favorite_score"": 0.04}}","list=[3, 3, 7, 9, 4, 9] ;   dict={""a"": 5, ""b"": 8} ;   flags=[on, off, maybe]"
22,"[29588, 2228, 31130, 6102, 21516]","[[38578, 27504, 47497, 42952], [19973, 8548, 27544, 2366], [12263, 41509, 31152], [6775, 29620, 7937], [29552, 39592], [35338, 6154, 26936, 21334], [15520, 22827, 12018]]","[34455, 42499, 8472, 35773, 34420, 13707, 23896, 24009, 48669, 43299, 10679, 16484]","{""calories"": 205, ""tags"": [""tag_5"", ""tag_4""], ""flags"": {""vegan"": true, ""gluten_free"": true, ""favorite_score"": 3.8}}","list=[3, 8, 8] ;   dict={""a"": 5, ""b"": 10} ;   flags=[off, maybe, maybe]"
23,"[42105, 21718, 10893, 29820, 5475, 31731, 29980, 42378, 20845, 19001]","[[24064], [5862, 21342, 31260, 30616, 3464], [25165], [6028, 43248, 6917], [39933, 34231, 26197, 31324, 39032], [49425, 3688, 30473, 38464, 43718], [22071, 40649]]","[33857, 10886, 5054, 30525, 7783, 23507, 47813, 6526, 34066, 43344, 12308, 3565, 17236, 47374, 29688, 29797, 35345, 35258, 40964, 11403, 24848, 25435, 19539, 26389, 27789]","{""calories"": 893, ""tags"": [""tag_10"", ""tag_1"", ""tag_6""], ""flags"": {""vegan"": true, ""gluten_free"": false, ""favorite_score"": 0.47}}","list=[5, 5, 3, 6, 2, 3] ;   dict={""a"": 3, ""b"": 8} ;   flags=[maybe, maybe, maybe]"
24,"[9450, 39996, 47454, 6552, 21288, 37629, 25686, 43171, 22527, 9375, 44916]","[[7124, 43337, 44939, 28748, 34324], [2194, 24763, 21241], [15037, 23395], [13583, 15846, 10015, 11154], [20385], [34271], [49407, 35506, 3473, 44380, 23070], [9588, 40141, 25688, 11109, 11633]]","[46406, 41942, 11848, 48263, 29683, 3863, 27926, 24874, 45326, 48158, 16566, 30111, 41015, 19673, 30420]","{""calories"": 339, ""tags"": [""tag_5"", ""tag_8""], ""flags"": {""vegan"": true, ""gluten_free"": false, ""favorite_score"": 3.39}}","list=[8, 8, 5, 7, 9, 9, 7] ;   dict={""a"": 2, ""b"": 7} ;   flags=[maybe, on, off]"
25,"[43020, 32495, 25327, 37342, 7723]","[[9170, 19681, 6496, 11506, 18877], [34643, 10656, 29670, 7010], [30565, 23910], [28190], [26982], [25507, 16451, 26307, 6348, 25570], [2847, 21885], [47838]]","[22973, 10571, 10017, 3510, 19800, 31962, 46617, 10095, 47238, 31743, 30399, 41327, 1344, 6192, 2245, 17772, 15133, 10798, 36966, 48660, 40903, 35588, 28738, 8286, 19881, 16573, 20736, 8985, 4129, 16626]","{""calories"": 529, ""tags"": [""tag_2"", ""tag_2"", ""tag_8"", ""tag_10""], ""flags"": {""vegan"": true, ""gluten_free"": true, ""favorite_score"": 3.59}}","list=[7, 1, 6, 4, 7] ;   dict={""a"": 2, ""b"": 6} ;   flags=[maybe, off, on]"
26,"[26588, 31810, 3853, 42659, 26354]","[[49976, 2064, 24402], [23596], [49034, 44063], [39135], [9743, 3905, 24088]]","[23187, 43126, 12474, 45871, 31449, 46573, 32361, 42401, 12945, 9837, 5135, 47926, 30994, 3423, 20231, 14211, 3870, 14072, 3746, 21682, 21321, 34776, 27098, 36588, 32024, 17601, 3399]","{""calories"": 871, ""tags"": [""tag_5"", ""tag_6""], ""flags"": {""vegan"": true, ""gluten_free"": false, ""favorite_score"": 1.37}}","list=[7, 7, 8, 7, 6] ;   dict={""a"": 2, ""b"": 9} ;   flags=[maybe, off, off]"
27,"[6414, 48650, 28820, 6172, 29220, 40482, 12826, 36748, 20252]","[[6247], [44314, 20375, 21086], [40493, 48032, 28925, 11921], [24038, 30303, 3775, 48632], [41294, 29504, 18993]]","[4759, 5917, 44986, 42780, 27621, 24809, 34625, 45525, 11484, 3040, 10357, 40817, 45439, 29716, 3280, 9272, 5406, 16466, 43281, 25007, 24733, 26090, 38174, 3122, 40655, 11055, 45503, 30486, 25311, 25380]","{""calories"": 554, ""tags"": [""tag_10""], ""flags"": {""vegan"": true, ""gluten_free"": false, ""favorite_score"": 1.99}}","list=[4, 2, 1, 3, 8] ;   dict={""a"": 5, ""b"": 9} ;   flags=[maybe, on, off]"
28,"[47139, 30246, 15062, 41099, 19715, 46480, 33191, 14118, 9037]","[[30625], [47751, 30170], [45690], [44767, 23768, 47500]]","[37044, 36531, 20029, 20657, 11322, 47649, 47501, 46889, 42792, 12409, 24690, 34341]","{""calories"": 329, ""tags"": [""tag_4""], ""flags"": {""vegan"": true, ""gluten_free"": true, ""favorite_score"": 3.95}}","list=[6, 9, 6] ;   dict={""a"": 4, ""b"": 10} ;   flags=[on, maybe, on]"
29,"[21269, 27093, 47984, 48111, 32369, 35451]","[[38676, 5833, 9213, 21776], [30489], [45571, 34905, 23578, 9410], [42929, 39521, 12925, 9456, 29352], [4631, 9137, 34954, 11028, 20931], [11614, 22145]]","[47486, 15776, 23676, 35006, 19615, 6168, 17423, 13864, 42619, 37099, 18986, 9203, 41961, 20845, 41267, 35962, 7122, 33936, 43007, 12051, 39784, 39053, 11105, 12219, 44170, 41925, 48227, 40658, 23126, 37937, 3699, 2859, 6323, 3979, 43038, 38799, 18344, 43672, 14815]","{""calories"": 885, ""tags"": [""tag_10"", ""tag_1"", ""tag_8"", ""tag_9""], ""flags"": {""vegan"": false, ""gluten_free"": false, ""favorite_score"": 2.41}}","list=[5, 8, 2, 1, 3, 8] ;   dict={""a"": 4, ""b"": 9} ;   flags=[off, on, off]"
30,"[21485, 48078, 21926, 49116, 23634, 27130, 9569]","[[37808, 7958, 21913, 16842, 31570], [18529], [17247, 10232, 7344, 4316], [26175, 41329, 28402], [11466, 22458]]","[38859, 48259, 21494, 13440, 11442, 33654, 34733, 31593, 33686, 21220, 33595, 2518, 6901, 26771, 34124, 30965, 16776, 15099, 39230, 24127, 4188, 4312, 19438, 33433, 40158, 43877, 45074, 31840, 19726, 36172, 1535, 8044, 29241, 9777, 18332, 48677, 24971, 27427, 24982]","{""calories"": 146, ""tags"": [""tag_1"", ""tag_10"", ""tag_9"", ""tag_4""], ""flags"": {""vegan"": false, ""gluten_free"": false, ""favorite_score"": 0.37}}","list=[8, 9, 5, 2, 3, 2, 7] ;   dict={""a"": 3, ""b"": 8} ;   flags=[maybe, off, on]"
31,"[40483, 34365, 27305, 33773, 3638, 3969, 3550, 9980]","[[32047, 35034, 30949], [40731, 34784], [22493, 41178], [11649, 26752, 41402], [39910, 23044, 34247], [35887, 33102, 47447, 37891, 20647], [2090, 25140, 22708, 45158], [28298]]","[21163, 48534, 46091, 42239, 2746, 40119, 32102, 18401, 43964, 38910, 38855, 15912, 48277, 4365, 39241, 32486, 12174, 35356, 42223, 48263, 41615, 25916, 10684, 45612, 16872, 3069, 38523, 46909]","{""calories"": 212, ""tags"": [""tag_1"", ""tag_8""], ""flags"": {""vegan"": false, ""gluten_free"": false, ""favorite_score"": 0.76}}","list=[7, 9, 8, 1] ;   dict={""a"": 2, ""b"": 10} ;   flags=[on, maybe, off]"
32,"[35437, 25695, 21562, 12349, 31124, 35939, 23434, 36800, 24218, 45293, 48246, 45613]","[[40981, 32731, 13600], [19284, 37574], [15736, 20504, 19940], [46235, 47202], [21777, 32444, 23859, 37732], [19860, 8987, 38583], [25883, 26856, 23618, 10599, 20035], [19850]]","[47801, 6179, 23699, 29991, 43989, 17806, 49977, 32396, 15023, 14242, 36296, 18768, 37832, 46624, 18800, 9996, 8158, 41349, 49555, 39458, 16681, 16889, 4326, 44898, 35802, 15789, 42808, 16259, 4440, 7566, 28086, 22646, 48012, 31959, 7589, 45642, 10009, 1339, 37067, 11350]","{""calories"": 516, ""tags"": [""tag_8"", ""tag_4"", ""tag_5"", ""tag_6""], ""flags"": {""vegan"": false, ""gluten_free"": true, ""favorite_score"": 4.54}}","list=[4, 9, 1] ;   dict={""a"": 2, ""b"": 9} ;   flags=[on, on, off]"
33,"[13210, 19970, 3455, 1607, 20555, 38221, 40503, 8032, 22957, 19649, 30776, 43029]","[[33369, 9794, 34044, 31672, 18880], [8382, 22671], [48914, 31075], [48094, 13202, 1923], [20334, 38210, 45197], [12501, 41039], [29029, 34769, 22491, 6684]]","[44860, 7251, 13109, 10215, 32290, 22207, 17256, 1447, 18090, 26137, 16435, 30277, 18497, 22602, 20788, 39172, 48374, 38544, 1749, 18141, 43839, 24563]","{""calories"": 809, ""tags"": [""tag_1"", ""tag_2""], ""flags"": {""vegan"": false, ""gluten_free"": false, ""favorite_score"": 0.8}}","list=[5, 2, 5, 6, 4, 4, 3] ;   dict={""a"": 4, ""b"": 7} ;   flags=[off, maybe, maybe]"
34,"[28252, 47002, 36994, 31856, 36226, 44522, 15313, 17217, 45586, 40047]","[[30278, 35614, 47122, 24709, 6118], [8353, 5047, 36890, 34127, 14248], [36170, 10820, 11783, 22503, 35101]]","[8617, 45583, 14461, 47983, 39217, 33035, 6959, 34447, 30195, 4646, 30716, 9647, 34636, 28225, 30936, 37956, 4783, 37621, 31302, 45090, 21196, 48400, 2426, 26948]","{""calories"": 360, ""tags"": [""tag_4""], ""flags"": {""vegan"": true, ""gluten_free"": true, ""favorite_score"": 2.12}}","list=[9, 1, 2] ;   dict={""a"": 4, ""b"": 6} ;   flags=[off, off, on]"
35,"[43042, 48794, 43328, 28548, 25540, 26066, 30395]","[[6259, 45743, 44371, 36343], [43830, 23791], [12696], [26759, 35658, 9345, 48700, 15594], [2489], [31343, 45138, 48126]]","[28795, 35860, 25856, 16051, 17220, 31187, 23685, 11166, 19064, 13352, 48515, 8395, 3111, 44266, 28475, 41299, 2025, 16772, 14505, 5409, 7612, 39924, 3200, 30257, 40176, 45041, 47090]","{""calories"": 149, ""tags"": [""tag_1"", ""tag_7""], ""flags"": {""vegan"": false, ""gluten_free"": true, ""favorite_score"": 2.7}}","list=[3, 9, 5] ;   dict={""a"": 2, ""b"": 10} ;   flags=[off, maybe, maybe]"
36,"[16525, 20776, 10388, 44267, 35160, 15486, 28103, 20693, 19032, 4994]","[[49182, 12477, 42025, 45482, 28997], [33481, 4072, 23571, 43160, 44997], [35371, 21888, 46633, 28284], [10779, 20653, 25671, 13050], [32032, 16792, 15768, 20709, 47371], [31344, 4776], [28045, 28296, 37522, 35733, 9787]]","[16915, 17711, 14325, 22644, 43382, 6181, 30477, 25318, 7059, 36103, 48486, 13483, 4377, 18593, 25718, 45149, 40647, 40513, 3591, 5769, 13331, 39507]","{""calories"": 841, ""tags"": [""tag_8"", ""tag_4""], ""flags"": {""vegan"": false, ""gluten_free"": false, ""favorite_score"": 4.79}}","list=[4, 4, 2] ;   dict={""a"": 4, ""b"": 7} ;   flags=[maybe, maybe, maybe]"
37,"[26993, 16684, 37181, 22077, 19550, 25947, 31556, 35973]","[[21212, 18141, 24569], [33589, 31540, 7462, 48344, 31768], [14312, 25294, 21507], [3996, 37865, 15501, 49578], [2062, 18090], [39275, 38954, 48186, 28366, 20345], [13857, 22618], [25893, 38341]]","[17104, 33722, 37086, 43900, 45882, 23122, 17864, 33022, 48419, 43054, 49470, 33151, 31200, 12025, 49022, 24080, 12092, 10172, 48206, 36818, 33002, 13061, 36529, 43061, 4849, 35337, 3216, 5871, 44792, 4179, 1418, 28026, 10010, 42333, 16167, 5454]","{""calories"": 824, ""tags"": [""tag_1"", ""tag_4""], ""flags"": {""vegan"": false, ""gluten_free"": false, ""favorite_score"": 0.3}}","list=[8, 8, 1, 1, 9, 9, 7] ;   dict={""a"": 1, ""b"": 6} ;   flags=[maybe, maybe, off]"
38,"[2123, 33913, 46734, 45173, 29218, 12748, 8013, 7312, 35366]","[[13578, 41617], [17542, 24228, 18519, 27011, 6178], [27609, 31080, 38027], [46694, 15801]]","[45829, 6283, 43843, 43591, 3076, 7127, 27560, 25855, 25718, 37221, 32195, 4677, 42729, 1619, 47061, 12231, 6418, 33758, 29436]","{""calories"": 760, ""tags"": [""tag_10"", ""tag_2"", ""tag_9""], ""flags"": {""vegan"": true, ""gluten_free"": true, ""favorite_score"": 1.06}}","list=[8, 5, 1, 2, 5, 9, 1] ;   dict={""a"": 2, ""b"": 8} ;   flags=[on, on, maybe]"
39,"[47708, 27102, 6042, 20613, 11646, 37959, 16759]","[[45370, 36426, 22740, 26155], [46174, 48458], [33819], [4519, 7401, 29645], [5981, 23321], [41230, 40033, 26998, 22389, 2941], [30527, 33152, 15951]]","[37243, 25603, 29301, 13172, 45544, 39395, 44297, 25908, 6616, 41541, 20357, 17151, 47734, 5817, 6376, 18561, 11107, 25903, 47640, 42543, 11110]","{""calories"": 857, ""tags"": [""tag_6"", ""tag_6"", ""tag_2"", ""tag_2""], ""flags"": {""vegan"": true, ""gluten_free"": false, ""favorite_score"": 2.22}}","list=[2, 3, 2, 3, 7] ;   dict={""a"": 4, ""b"": 10} ;   flags=[maybe, maybe, off]"
40,"[2721, 6873, 24194, 37321, 7099, 40120]","[[26246, 1808, 20126], [26414, 6550, 48503, 37669], [38483, 35151], [45912, 25951], [10099, 18623], [18590, 33317, 10563], [11958]]","[19085, 28597, 20644, 32734, 6041, 24666, 17495, 17160, 48244, 41962, 33492, 39915, 41414, 13815, 31006, 8010, 9879, 20966, 1443, 26932, 22772, 41644, 25896]","{""calories"": 437, ""tags"": [""tag_6"", ""tag_7"", ""tag_10"", ""tag_3""], ""flags"": {""vegan"": false, ""gluten_free"": false, ""favorite_score"": 3.02}}","list=[8, 6, 3, 7] ;   dict={""a"": 3, ""b"": 8} ;   flags=[maybe, maybe, maybe]"
41,"[38740, 16887, 22357, 25645, 19369, 26751, 24921, 8463, 37952, 14094, 39812, 36758]","[[2763, 48658, 31252, 47423, 14739], [20092, 46405, 5532, 27813], [10121, 42506, 20846, 16861], [44166, 11101, 47873]]","[25706, 5847, 30430, 40186, 32407, 39157, 27267, 36020, 34201, 46331, 28413, 36628, 3409, 24562, 46982, 36186, 39916, 42823, 6569, 8167, 17268, 44096, 44561]","{""calories"": 463, ""tags"": [""tag_10"", ""tag_1""], ""flags"": {""vegan"": false, ""gluten_free"": false, ""favorite_score"": 4.83}}","list=[2, 1, 2, 5, 4, 9] ;   dict={""a"": 5, ""b"": 10} ;   flags=[maybe, maybe, maybe]"
42,"[30214, 25518, 26633, 31347, 45535, 39573, 46248, 33798]","[[2609, 32638, 7851], [28261, 6626, 8606], [23828, 21440], [30840, 14557, 35151]]","[23826, 32205, 7397, 29715, 48316, 46663, 30651, 21900, 5402, 20678, 3928, 47581, 8542, 2480, 23483, 43465, 8167, 45377, 11771, 49528, 16985, 34816, 12432, 37169, 11494]","{""calories"": 438, ""tags"": [""tag_8"", ""tag_4"", ""tag_7"", ""tag_3""], ""flags"": {""vegan"": true, ""gluten_free"": false, ""favorite_score"": 1.98}}","list=[4, 8, 7, 7, 1, 4, 4] ;   dict={""a"": 3, ""b"": 6} ;   flags=[maybe, on, maybe]"
43,"[24972, 22363, 13915, 30986, 8468, 18193, 44955]","[[42884, 21539, 40123, 26469, 41062], [39469, 8486, 23801, 24067], [41459, 12306, 45144, 47267], [41270, 39677, 6554], [21524, 8724], [21013, 8664]]","[25464, 46445, 10264, 34477, 26458, 28409, 40087, 10035, 38670, 26146, 28724, 13173, 32894, 42648, 36217]","{""calories"": 810, ""tags"": [""tag_9"", ""tag_3""], ""flags"": {""vegan"": false, ""gluten_free"": false, ""favorite_score"": 0.7}}","list=[8, 1, 6, 1, 8] ;   dict={""a"": 2, ""b"": 7} ;   flags=[off, maybe, maybe]"
44,"[27813, 45872, 33225, 28238, 47539, 30088, 33027, 11961, 6417, 38053, 3022, 15452]","[[19012], [36232, 19918], [30971, 38070], [37026, 34476, 8419, 38533], [18556]]","[36593, 25042, 36523, 3726, 48119, 29925, 36805, 15322, 28862, 7711, 49233, 43839, 17222, 20510, 3112, 30473, 18223, 23844, 6700, 29774, 8693, 16528, 14754, 49340, 39530, 46163, 23978, 47579, 40994, 42469, 29060, 11877, 41380, 10124]","{""calories"": 311, ""tags"": [""tag_1"", ""tag_10""], ""flags"": {""vegan"": false, ""gluten_free"": false, ""favorite_score"": 2.98}}","list=[6, 5, 5, 5] ;   dict={""a"": 5, ""b"": 6} ;   flags=[on, off, on]"
45,"[43984, 9315, 46968, 9696, 17362, 10584, 47621, 22108, 17223]","[[33077, 10317, 38842, 42445], [42144, 28146, 25587], [5949, 42525, 7101, 27401], [19233, 46528, 25187, 30798, 32984], [39139, 1162, 49019], [48902], [42604, 44525, 46697, 24476], [36024]]","[15275, 29157, 14883, 33421, 18598, 22159, 19585, 23135, 36868, 38875, 9558, 38102, 32807, 23527, 45731, 4172, 4010, 7525, 42037, 31119, 2067, 9142]","{""calories"": 261, ""tags"": [""tag_8"", ""tag_1"", ""tag_7"", ""tag_4""], ""flags"": {""vegan"": true, ""gluten_free"": false, ""favorite_score"": 0.79}}","list=[2, 6, 5, 2, 6] ;   dict={""a"": 2, ""b"": 6} ;   flags=[off, maybe, off]"
46,"[29130, 43957, 6976, 47117, 7237, 1071, 14986, 32248]","[[39907, 15823], [45563, 30167, 1608, 1528, 46586], [8903, 28676, 46484]]","[32306, 5641, 16004, 26104, 6854, 48891, 7712, 7763, 21535, 25088, 20611, 9986, 26082, 9725]","{""calories"": 756, ""tags"": [""tag_2"", ""tag_9""], ""flags"": {""vegan"": true, ""gluten_free"": true, ""favorite_score"": 2.2}}","list=[3, 7, 8, 4] ;   dict={""a"": 1, ""b"": 6} ;   flags=[on, on, maybe]"
47,"[24038, 29140, 21611, 10163, 17238, 19151, 43245, 6521, 17263, 37267, 40387]","[[19672, 46251, 2757, 44149, 20768], [34931, 40775], [13363, 26673, 20368, 43347, 4576], [33432, 26289], [16799], [42817, 39923, 5653, 35621], [24664]]","[21740, 9649, 26351, 38249, 28581, 24947, 36806, 45757, 12322, 31868, 5783, 2093, 39493, 5425, 1903, 18182, 15138, 3610, 4962, 27081, 34201, 19775, 42194, 47702, 33836, 28225, 28759, 46993, 27363, 6401, 42978, 36164, 36235, 41373, 11006, 19184, 6478, 21310, 6178]","{""calories"": 623, ""tags"": [""tag_3"", ""tag_9""], ""flags"": {""vegan"": false, ""gluten_free"": false, ""favorite_score"": 2.93}}","list=[5, 7, 4] ;   dict={""a"": 1, ""b"": 7} ;   flags=[on, off, on]"
48,"[41127, 40900, 4606, 21269, 44652, 49607, 44126, 49539, 12511, 8827, 1830, 47392]","[[11736], [23721, 35275, 34896, 48236], [11942, 25370, 9318], [49033, 8736, 2923]]","[29136, 18824, 35331, 5185, 18232, 47682, 38791, 42125, 6050, 33515, 30831, 34474, 24601, 4633, 33742, 38151, 11936, 25096, 11309, 17719]","{""calories"": 891, ""tags"": [""tag_10""], ""flags"": {""vegan"": true, ""gluten_free"": true, ""favorite_score"": 3.7}}","list=[1, 1, 4] ;   dict={""a"": 1, ""b"": 9} ;   flags=[off, off, on]"
49,"[3317, 37232, 47794, 49540, 43972, 28483, 15713]","[[28279, 48204], [18777, 6104, 38456], [8825, 33901, 45127], [12753], [34801, 4009]]","[27275, 5517, 31480, 19501, 21361, 22449, 6661, 37247, 30933, 1522, 25177, 14151, 20109, 37949, 20917, 49468, 41810, 16897, 31403, 25135, 39777, 33332, 13807, 49002, 36819, 17064, 10867, 1417, 27872, 2566, 16269, 36490, 23703, 42677, 46446, 1628, 22955, 1095, 44077, 25659]","{""calories"": 855, ""tags"": [""tag_2"", ""tag_4"", ""tag_9""], ""flags"": {""vegan"": true, ""gluten_free"": false, ""favorite_score"": 2.46}}","list=[3, 5, 2] ;   dict={""a"": 1, ""b"": 7} ;   flags=[maybe, off, maybe]"
50,"[31045, 6564, 39061, 7263, 34123, 9749, 42760, 26844, 5904, 39790]","[[29507], [16517, 20115], [21644, 26752, 46922], [21844, 30671, 18822], [5894, 14284], [39319, 8141], [7924, 11772]]","[31543, 21580, 27641, 8912, 36122, 24480, 14607, 30616, 21205, 31365, 18367, 8858, 6925, 11329, 45961, 20937, 47183, 46670, 40538, 3643, 15091, 22482, 10720, 6977]","{""calories"": 828, ""tags"": [""tag_6"", ""tag_7""], ""flags"": {""vegan"": true, ""gluten_free"": false, ""favorite_score"": 1.3}}","list=[1, 7, 8, 9] ;   dict={""a"": 5, ""b"": 7} ;   flags=[on, off, on]"
51,"[8959, 1783, 5041, 15567, 9566, 13984, 27252]","[[39163], [17962, 5914, 2428, 5225, 13959], [9440, 7027, 22728, 9029], [31211], [12009]]","[38610, 29387, 48476, 26886, 33514, 2932, 26082, 45775, 28961, 12325, 24196, 15071, 13265, 19021, 19340, 30229, 10740, 3270, 41246, 41578, 41434, 17107, 43420, 20340, 33695, 28000, 37089, 32393, 4996, 6748, 19335, 26101, 9993, 28474, 14071, 43116, 35459, 17328, 42337]","{""calories"": 656, ""tags"": [""tag_7""], ""flags"": {""vegan"": false, ""gluten_free"": false, ""favorite_score"": 2.72}}","list=[6, 9, 6, 7, 5, 3] ;   dict={""a"": 1, ""b"": 8} ;   flags=[maybe, on, on]"
52,"[4839, 31912, 35696, 24424, 39272, 16254, 11461, 7562, 17243]","[[18467, 35975], [15379], [26455, 24252, 12384, 12540, 16502], [21840, 49372, 46719, 24513, 39768], [47101], [38201, 37936, 10312], [13336, 33258, 36528, 21254, 12505], [3487, 6915, 4681, 16245]]","[15339, 2306, 35501, 32325, 1044, 22740, 41247, 14203, 9551, 23331, 47985, 12630, 22206, 4903, 2436, 10680, 39444, 47182, 10283, 8269, 35491, 24913, 5753, 25483, 47172, 44393, 26925, 39405, 7621]","{""calories"": 444, ""tags"": [""tag_6"", ""tag_3"", ""tag_3""], ""flags"": {""vegan"": false, ""gluten_free"": false, ""favorite_score"": 3.25}}","list=[9, 6, 4, 3] ;   dict={""a"": 4, ""b"": 8} ;   flags=[maybe, maybe, off]"
53,"[12646, 48764, 1117, 47006, 38541, 26663, 38190]","[[40478, 21854], [15476, 42919, 38063, 7822, 33517], [22703, 49846]]","[16597, 23728, 21939, 12002, 42693, 6814, 47462, 44910, 42884, 48794, 23003, 30270]","{""calories"": 111, ""tags"": [""tag_4"", ""tag_4"", ""tag_2""], ""flags"": {""vegan"": false, ""gluten_free"": false, ""favorite_score"": 3.94}}","list=[1, 7, 8] ;   dict={""a"": 4, ""b"": 7} ;   flags=[off, off, off]"
54,"[36784, 25598, 7647, 32423, 38883, 43661, 46033, 15783, 11659, 30575]","[[20327], [21887], [7863, 5862, 23400]]","[25606, 11545, 48971, 5915, 36851, 7101, 23147, 39930, 41215, 32636, 47170, 3031, 29267, 43836, 11813]","{""calories"": 721, ""tags"": [""tag_3"", ""tag_1"", ""tag_2"", ""tag_6""], ""flags"": {""vegan"": true, ""gluten_free"": true, ""favorite_score"": 2.05}}","list=[9, 5, 5, 5, 4, 2, 1] ;   dict={""a"": 4, ""b"": 10} ;   flags=[maybe, off, on]"
55,"[24647, 1250, 29023, 6742, 20303]","[[32478, 14085, 7356, 2686, 14562], [42824, 20124], [32035], [21208], [31863, 33053, 44321, 18367], [43065], [26396, 13116, 25315, 25998, 25209], [30214, 3924]]","[29818, 31478, 18262, 15827, 18600, 37978, 5039, 10904, 46643, 44743, 7337, 6616, 44787, 23530, 36484, 28131, 39648, 15910]","{""calories"": 666, ""tags"": [""tag_7""], ""flags"": {""vegan"": false, ""gluten_free"": false, ""favorite_score"": 2.86}}","list=[8, 5, 2, 7] ;   dict={""a"": 1, ""b"": 10} ;   flags=[maybe, maybe, maybe]"
56,"[8882, 30428, 12329, 11955, 14886, 13630, 9269]","[[6135, 45769, 29533, 14232], [39997, 17900], [48651, 5391, 6703]]","[37461, 27041, 37179, 22373, 19101, 35058, 31025, 1810, 46902, 41832, 39507, 35246, 28498, 8374, 28160, 10806, 10712, 38132, 39530, 39186, 7566, 7922]","{""calories"": 676, ""tags"": [""tag_5""], ""flags"": {""vegan"": false, ""gluten_free"": false, ""favorite_score"": 1.32}}","list=[8, 1, 3, 5, 7, 3] ;   dict={""a"": 5, ""b"": 10} ;   flags=[maybe, maybe, off]"
57,"[26938, 22724, 46253, 16569, 4230]","[[18601, 25408, 2325, 23142], [21378, 19372, 33218], [15939], [20692, 49740], [22028, 18656, 48762, 28313], [43307, 6851, 13316, 29948, 14853], [49558, 32749, 34849, 25504], [34768]]","[11418, 5300, 21389, 47502, 34213, 27436, 9889, 35359, 38268, 2897, 12386, 13632, 14154, 4776, 17350, 3167, 30913, 4313, 24617, 47178, 14048, 18955, 25140, 31423, 34103, 27014, 42642, 9118, 45641, 3002, 16855, 25409, 33033, 39931, 30235]","{""calories"": 281, ""tags"": [""tag_10"", ""tag_9"", ""tag_6"", ""tag_6""], ""flags"": {""vegan"": true, ""gluten_free"": false, ""favorite_score"": 3.74}}","list=[5, 1, 7] ;   dict={""a"": 1, ""b"": 7} ;   flags=[maybe, on, on]"
58,"[45413, 14548, 18634, 43702, 27837, 34638, 2314, 45708]","[[9671, 43426, 12350, 40396], [15664], [40868, 21018, 47710]]","[47489, 43122, 19047, 28774, 25672, 23853, 31080, 17514, 15300, 31585, 20801, 45380, 35120, 41868, 27027, 39304, 7705, 1481, 34522, 44408, 25525, 37795, 43424, 39913, 40914, 19525, 20560, 45853, 8084, 32571, 5183, 23038, 19119, 42982, 22308, 19145, 18114, 43999, 47602, 43694]","{""calories"": 405, ""tags"": [""tag_3"", ""tag_9""], ""flags"": {""vegan"": true, ""gluten_free"": true, ""favorite_score"": 4.03}}","list=[7, 6, 3, 1, 8, 5, 5] ;   dict={""a"": 4, ""b"": 9} ;   flags=[off, maybe, on]"
59,"[23489, 48615, 47751, 15572, 45978, 36037, 42832, 32177]","[[34247, 20673, 12140], [12870, 20253, 7396, 31853, 9384], [48525, 37636, 12997], [43889, 6852, 15565], [15636, 49772, 21125], [22713, 25358, 18076, 39375], [31393, 8718, 31837], [42575]]","[39031, 41675, 5667, 31947, 13749, 33799, 8852, 45610, 26013, 35723, 20553, 28073, 4543, 10881, 10002, 14126, 23457, 27816, 38316, 30987, 10386, 21734, 47902, 12819, 6296, 32954, 22799, 42355]","{""calories"": 281, ""tags"": [""tag_1"", ""tag_1"", ""tag_8""], ""flags"": {""vegan"": false, ""gluten_free"": true, ""favorite_score"": 3.81}}","list=[3, 8, 2, 3] ;   dict={""a"": 5, ""b"": 9} ;   flags=[maybe, off, off]"
60,"[32286, 26121, 1305, 3472, 35981, 14068, 48884, 25451, 1922, 22116, 35801]","[[45351], [42070], [15828, 46450], [21453, 9449, 7731]]","[33986, 39579, 21061, 11945, 5278, 3996, 20542, 20059, 30879, 48699, 35097, 40083, 35348, 23140, 29420, 46008, 9768, 23461, 33124, 24543, 13348, 11805]","{""calories"": 513, ""tags"": [""tag_4""], ""flags"": {""vegan"": true, ""gluten_free"": true, ""favorite_score"": 1.06}}","list=[9, 3, 2] ;   dict={""a"": 3, ""b"": 6} ;   flags=[off, maybe, off]"
61,"[39923, 4143, 44382, 8085, 43832]","[[46203], [28313], [25920, 9099, 36866, 17563]]","[46997, 11035, 14467, 46560, 45940, 42308, 1609, 20733, 28582, 44362, 7617, 44416, 35098, 18693, 41815, 40690, 46922, 9989, 28448, 7875, 34527, 48105, 41481, 8715, 19527]","{""calories"": 216, ""tags"": [""tag_8""], ""flags"": {""vegan"": true, ""gluten_free"": true, ""favorite_score"": 3.89}}","list=[4, 6, 7, 5, 3, 1, 9] ;   dict={""a"": 4, ""b"": 7} ;   flags=[maybe, off, off]"
62,"[1179, 1835, 45016, 6832, 8237, 38627, 44845, 33381]","[[34535], [48419], [17770], [30933, 20400]]","[31426, 4282, 7541, 12449, 3585, 20042, 24607, 45352, 21493, 28918, 49400, 8595, 7225, 4007, 1633, 10069, 44473, 43414]","{""calories"": 274, ""tags"": [""tag_6"", ""tag_8"", ""tag_10""], ""flags"": {""vegan"": false, ""gluten_free"": true, ""favorite_score"": 1.86}}","list=[3, 2, 7, 7, 8] ;   dict={""a"": 3, ""b"": 9} ;   flags=[maybe, off, off]"
63,"[8409, 9684, 46624, 48606, 4843, 11446, 7796]","[[32632, 38286, 45459, 29715, 12879], [25887, 24501, 41065, 2888, 45857], [32659, 32989], [27953], [4012, 5150, 18145, 43924], [1810, 47174, 45428]]","[49734, 38791, 48433, 38028, 15679, 44898, 23170, 35019, 35282, 46104, 46913, 41516, 7241, 29367, 44366, 48621, 17290, 32583, 23659, 44496, 45321, 43035, 26223, 10742, 37591, 41167]","{""calories"": 155, ""tags"": [""tag_3""], ""flags"": {""vegan"": false, ""gluten_free"": false, ""favorite_score"": 4.35}}","list=[8, 6, 4] ;   dict={""a"": 3, ""b"": 8} ;   flags=[on, maybe, on]"
64,"[27429, 16400, 6166, 31087, 30110, 38554, 30366, 6768, 33666, 30299, 21713]","[[49839, 43819, 2164, 7726], [28023, 3348, 37512, 36985], [6956]]","[40597, 41571, 42781, 20962, 34314, 37853, 14556, 43899, 45005, 30898, 23338, 24812, 4556, 15609, 30783, 22756, 37710, 41616, 40318, 32007, 47966, 44068, 24808, 47918, 30657, 8472, 7385, 44182, 15532, 1143, 23371, 24274, 42527, 20135, 36893]","{""calories"": 634, ""tags"": [""tag_2"", ""tag_1"", ""tag_3""], ""flags"": {""vegan"": false, ""gluten_free"": true, ""favorite_score"": 4.11}}","list=[2, 5, 4, 4, 2, 7] ;   dict={""a"": 2, ""b"": 9} ;   flags=[on, maybe, off]"
65,"[28162, 4047, 42500, 45049, 39588, 9075]","[[44152, 39621, 34043, 9823], [1284, 35757, 49248, 4183], [29364, 39346, 32649, 34314, 12613], [12380, 48873, 9413, 7786, 26389], [40725, 22092, 34037, 26209, 28437], [46384, 17268, 18930, 27074, 23469]]","[30677, 9740, 10055, 28049, 40487, 46876, 34573, 20589, 46973, 36901, 21572, 47653, 49288, 37279, 42456, 15243, 14165, 14743, 41905]","{""calories"": 831, ""tags"": [""tag_6"", ""tag_3"", ""tag_3""], ""flags"": {""vegan"": false, ""gluten_free"": true, ""favorite_score"": 3.8}}","list=[8, 7, 9, 5, 7, 1, 9] ;   dict={""a"": 1, ""b"": 6} ;   flags=[off, on, on]"
66,"[14100, 18496, 11547, 19783, 45786]","[[5065, 46258], [14369, 36466, 3117], [30661, 7716, 41377], [15700, 49654, 43409, 37783, 26486], [34483, 46621]]","[46412, 44548, 4078, 26007, 26398, 28300, 45901, 21490, 37184, 4525, 1849, 49737, 17471, 14309, 41669, 30036, 15781, 42535, 47178]","{""calories"": 826, ""tags"": [""tag_10"", ""tag_9"", ""tag_10""], ""flags"": {""vegan"": true, ""gluten_free"": true, ""favorite_score"": 1.47}}","list=[2, 3, 3, 9] ;   dict={""a"": 1, ""b"": 9} ;   flags=[on, off, off]"
67,"[9524, 11546, 39272, 17712, 1369, 22663, 31561, 47510, 11145]","[[22143, 40117], [41984], [44377, 20736, 33148, 38530, 37055]]","[5776, 47378, 21831, 35432, 15415, 13050, 35118, 5468, 34104, 11444, 28258, 36591, 36195, 27438, 7025, 23898, 15496, 14982, 44472, 22750, 22696]","{""calories"": 469, ""tags"": [""tag_4"", ""tag_10"", ""tag_9""], ""flags"": {""vegan"": false, ""gluten_free"": true, ""favorite_score"": 0.57}}","list=[8, 4, 4, 1, 6] ;   dict={""a"": 4, ""b"": 6} ;   flags=[off, off, maybe]"
68,"[2619, 34873, 25573, 34705, 34340, 30200, 32903, 3873, 20427]","[[21992, 34678], [7288], [36256, 35944], [42086], [14813], [45918, 28800], [14472], [47054, 49586, 29523, 43373, 5726]]","[45960, 11076, 2556, 31095, 47980, 22739, 3482, 6735, 5800, 4556, 12664, 17509, 37574, 5616, 38680, 15918, 17950, 27714, 26430, 30564, 42301, 27505, 29378, 21735, 2106, 26526, 45125, 8753, 36050, 1386, 43036, 48204, 41524]","{""calories"": 164, ""tags"": [""tag_2""], ""flags"": {""vegan"": false, ""gluten_free"": true, ""favorite_score"": 1.45}}","list=[2, 5, 8, 7, 7] ;   dict={""a"": 1, ""b"": 9} ;   flags=[on, maybe, on]"
69,"[49939, 26624, 36764, 20331, 42552, 10442, 20533]","[[1730, 37275, 37377], [9076, 3737], [38533], [26826, 36202, 36882, 6578, 20968], [49590, 48575], [14876, 28043, 43331], [10335, 11548, 13058, 15469, 41428], [13735, 8511, 12885]]","[38178, 4564, 36969, 31229, 43249, 37022, 5793, 20048, 45019, 5414, 17429, 7435, 13937, 48552, 39049, 32928, 22682, 24405, 9402, 44994, 43957, 16370, 7556, 19686, 41600, 5574, 13681, 21826, 32841, 30533, 22518]","{""calories"": 731, ""tags"": [""tag_10"", ""tag_3"", ""tag_10""], ""flags"": {""vegan"": false, ""gluten_free"": false, ""favorite_score"": 4.79}}","list=[1, 6, 4, 4] ;   dict={""a"": 4, ""b"": 8} ;   flags=[off, on, maybe]"
70,"[32454, 31333, 30186, 24510, 21019, 32914, 37154, 8132, 12519, 43306]","[[19390], [36298, 13873], [49073, 42066, 6011], [2220], [42394, 3044, 39134, 38938, 27550], [14943, 3402, 37149, 18079, 36616], [31939, 43854, 10740, 24974, 26722]]","[39640, 49052, 20070, 9774, 31454, 33841, 34450, 6934, 27003, 24846, 33910, 1694, 44429, 16655, 41241, 45837, 11868]","{""calories"": 875, ""tags"": [""tag_8"", ""tag_3""], ""flags"": {""vegan"": true, ""gluten_free"": true, ""favorite_score"": 3.68}}","list=[6, 1, 4, 8, 4, 2] ;   dict={""a"": 3, ""b"": 8} ;   flags=[on, on, maybe]"
71,"[34940, 24674, 26434, 31780, 30795, 4043, 3615, 43501]","[[47120], [42521, 18923, 49621, 18256, 38921], [38366, 12393, 25684, 43839, 25806], [39514, 43817, 6101], [17487, 25663, 15607, 34840, 27597]]","[23612, 32906, 32595, 40597, 1432, 33888, 10107, 29829, 11853, 16072, 6052, 34720, 43170, 19403, 14861, 10846, 13249, 11312, 24738, 40454, 48009]","{""calories"": 221, ""tags"": [""tag_7"", ""tag_6""], ""flags"": {""vegan"": true, ""gluten_free"": false, ""favorite_score"": 3.38}}","list=[4, 3, 7, 1, 4, 1] ;   dict={""a"": 2, ""b"": 10} ;   flags=[maybe, on, on]"
72,"[38504, 10624, 4664, 11901, 17925]","[[27571, 40279, 37936, 42787, 2220], [6619, 15194, 30438], [31894, 32566, 12178, 15376, 27920], [10352, 39184, 12919, 41842, 44230]]","[18335, 11991, 48460, 45930, 23457, 30718, 40094, 39705, 5511, 16061, 25786, 26261, 9664, 8115, 2085, 14261, 35256, 34053, 45850, 28511, 10801, 40682, 7311, 12627, 32186, 41288]","{""calories"": 714, ""tags"": [""tag_9""], ""flags"": {""vegan"": true, ""gluten_free"": true, ""favorite_score"": 2.41}}","list=[9, 1, 7, 9] ;   dict={""a"": 4, ""b"": 8} ;   flags=[on, maybe, maybe]"
73,"[16039, 32596, 25984, 23971, 39603, 49587, 46659, 38756, 7403, 28884, 9774]","[[16237, 6493, 19564, 40209], [27781, 17895, 13387, 1358, 47474], [38878], [8722, 35063, 1471, 25577, 43896], [46073, 21702]]","[24741, 7985, 11143, 28923, 43701, 39362, 17622, 18124, 36134, 28758, 38006, 24962, 41100, 19059, 45604, 27047, 14349, 28081, 37182, 37540, 32619, 12712, 25262]","{""calories"": 672, ""tags"": [""tag_5"", ""tag_5"", ""tag_10"", ""tag_6""], ""flags"": {""vegan"": false, ""gluten_free"": true, ""favorite_score"": 4.27}}","list=[4, 8, 3] ;   dict={""a"": 1, ""b"": 7} ;   flags=[maybe, off, off]"
74,"[11534, 26500, 42672, 1346, 6969]","[[40337, 29532, 6776, 5199], [15533, 25303, 6245], [3474, 48480, 26187, 27256, 41236], [19774, 47635, 40155, 4765, 12486]]","[33398, 29768, 1701, 14219, 44049, 34957, 19743, 13762, 3202, 40289, 34459, 34804, 46773, 16182, 41317, 12107, 45172, 3363, 24575, 16679, 43927, 1018, 11318, 6691, 19083, 27177, 24142, 44886, 26896, 27571]","{""calories"": 700, ""tags"": [""tag_9"", ""tag_1""], ""flags"": {""vegan"": true, ""gluten_free"": true, ""favorite_score"": 2.75}}","list=[6, 6, 5, 4, 4, 8, 7] ;   dict={""a"": 5, ""b"": 6} ;   flags=[off, on, off]"
75,"[37610, 5743, 33975, 20284, 23280, 8668]","[[36252, 38676, 17393], [25712, 37907, 32695, 16943], [31071, 45668, 31193], [2792, 32586, 8619, 17896, 5427], [42527, 15442, 45362, 46952], [21691, 28028], [34849, 36104, 1637]]","[18258, 17269, 19827, 7095, 27144, 45151, 23412, 5982, 37343, 12697, 32231, 21569, 24169, 15323, 38598, 18634, 12978, 49900, 45768, 13462, 33702, 49307, 14085, 16391, 49197, 16863, 18393, 14551, 16021, 14288, 17364, 41540]","{""calories"": 464, ""tags"": [""tag_2"", ""tag_2""], ""flags"": {""vegan"": true, ""gluten_free"": false, ""favorite_score"": 3.07}}","list=[1, 8, 6, 6, 8, 5, 8] ;   dict={""a"": 2, ""b"": 10} ;   flags=[off, off, on]"
76,"[4548, 35454, 28733, 32347, 36439, 3134, 33930]","[[45979, 12455, 30962, 8888], [31151, 21686, 46168, 1551, 1774], [25866, 39076], [22327], [41159, 18019, 13265]]","[18226, 16541, 18655, 31890, 41179, 23485, 24981, 13052, 33687, 28783, 14797, 28465, 46921, 25399, 24925, 27253, 19325, 30538, 12789, 38447, 9594, 38741, 45958, 15979, 7545, 48239, 18691]","{""calories"": 341, ""tags"": [""tag_7"", ""tag_4"", ""tag_3"", ""tag_3""], ""flags"": {""vegan"": false, ""gluten_free"": true, ""favorite_score"": 0.88}}","list=[3, 9, 9, 6, 8, 5] ;   dict={""a"": 3, ""b"": 10} ;   flags=[maybe, on, off]"
77,"[46255, 11704, 4934, 15120, 17665, 32230]","[[30481], [18024, 24656, 24613], [37535, 17889, 23553, 2299, 27985], [24009], [14038, 38804, 38741, 43589, 43541], [12438, 19652, 24272, 22305, 45118], [32948, 49268, 30290, 6138, 25973], [19777, 31392, 42399, 10492, 11982]]","[23111, 28644, 42371, 41128, 38462, 27527, 5675, 6184, 11616, 23519, 15956, 21544, 21766, 43795, 20094, 47558, 18529, 40674, 43247, 26916, 18776, 30156, 24800, 39464, 35140, 30510, 28131, 11965, 13051, 2513]","{""calories"": 228, ""tags"": [""tag_5"", ""tag_2""], ""flags"": {""vegan"": true, ""gluten_free"": true, ""favorite_score"": 1.99}}","list=[2, 8, 9] ;   dict={""a"": 1, ""b"": 6} ;   flags=[off, maybe, on]"
78,"[18200, 41507, 11176, 6525, 43915, 26548]","[[17213, 49338], [30042, 42057, 9284], [35520, 12180], [3303], [22312, 32205, 31617]]","[36427, 18852, 36949, 30153, 9854, 46719, 36342, 12602, 39720, 40163, 30920, 42356, 42671, 37961, 29506, 35305, 42929, 42912, 35982, 21293, 23752, 32565, 36367, 15885, 6869, 29957, 21176, 24971, 28014, 18026, 11205, 20894, 1691, 1006, 35296, 9932, 23536]","{""calories"": 393, ""tags"": [""tag_9"", ""tag_1"", ""tag_8"", ""tag_8""], ""flags"": {""vegan"": false, ""gluten_free"": true, ""favorite_score"": 3.83}}","list=[4, 1, 9, 6, 4] ;   dict={""a"": 4, ""b"": 10} ;   flags=[off, off, on]"
79,"[47854, 49307, 43335, 26540, 25796, 15456, 18234]","[[41981, 16699, 34856, 41187], [19656, 43497, 49688], [18617, 28060, 13320, 5486, 12954]]","[19978, 8232, 42739, 30841, 41483, 30672, 18834, 46906, 41812, 33243, 13306, 22013, 2271, 10971]","{""calories"": 150, ""tags"": [""tag_3""], ""flags"": {""vegan"": true, ""gluten_free"": false, ""favorite_score"": 1.35}}","list=[1, 4, 2, 3, 1, 8] ;   dict={""a"": 2, ""b"": 8} ;   flags=[off, off, off]"
80,"[31388, 46674, 3079, 22643, 6257, 10574, 4672, 18465, 26717, 5678]","[[12901, 13595, 17389, 26007], [8992], [26218, 30029], [49340, 3196], [31201, 49190], [35153], [31987, 26501]]","[21454, 22172, 11394, 42232, 48725, 3764, 49806, 37017, 35139, 9004, 17601, 32537, 42846, 20583, 14023, 24620, 4413, 44692, 15272, 8400, 16464, 42478, 29453, 22267, 1987, 11968, 19094, 39318, 8841, 26939, 16931]","{""calories"": 109, ""tags"": [""tag_10""], ""flags"": {""vegan"": false, ""gluten_free"": true, ""favorite_score"": 1.86}}","list=[4, 3, 8] ;   dict={""a"": 1, ""b"": 10} ;   flags=[off, maybe, on]"
81,"[24299, 43242, 11087, 46962, 36150]","[[32971, 16248], [37592, 43247, 23761], [49050, 13646, 2399, 46170]]","[24472, 48474, 9829, 17429, 3587, 32804, 47309, 29672, 37636, 20314, 36568, 46681, 33118, 13437, 38139, 13230, 36626, 23784, 22212, 48998, 31696, 19043]","{""calories"": 713, ""tags"": [""tag_2"", ""tag_9""], ""flags"": {""vegan"": true, ""gluten_free"": false, ""favorite_score"": 1.48}}","list=[9, 6, 8, 1, 9] ;   dict={""a"": 4, ""b"": 7} ;   flags=[on, maybe, off]"
82,"[22017, 48251, 5151, 44141, 36321, 26394, 13443, 35345]","[[37140, 11101, 41176, 19555], [27856, 43002, 22104], [7308], [44181, 5369, 3868, 9504, 12707], [14243], [32809], [7471, 3085], [43057, 26467, 44117, 33106, 35460]]","[46961, 39685, 17773, 4216, 25009, 15465, 40711, 48044, 5644, 1857, 14679, 43975, 33204, 6240, 31674, 42872, 4978, 24653, 37570, 49724, 28259, 25187, 47427, 4820, 41431, 18420, 35669, 3664, 49123]","{""calories"": 172, ""tags"": [""tag_2"", ""tag_4"", ""tag_9""], ""flags"": {""vegan"": true, ""gluten_free"": true, ""favorite_score"": 3.63}}","list=[7, 4, 4, 9, 4, 3, 9] ;   dict={""a"": 5, ""b"": 9} ;   flags=[maybe, on, maybe]"
83,"[45203, 31062, 47042, 44597, 28988, 7822, 11932, 12822, 37042, 27316]","[[44092, 11366, 35989], [30033, 24089, 21653, 37050, 22276], [28023, 42500, 29219], [40872, 16775, 37906], [15019, 25580, 37060, 49796, 17651], [30648, 30327, 27023], [48599]]","[19643, 40043, 2068, 34922, 9852, 20781, 1430, 20682, 15541, 15078, 21637]","{""calories"": 122, ""tags"": [""tag_9"", ""tag_9"", ""tag_9""], ""flags"": {""vegan"": true, ""gluten_free"": true, ""favorite_score"": 0.19}}","list=[3, 3, 5, 6, 4] ;   dict={""a"": 2, ""b"": 8} ;   flags=[off, on, maybe]"
84,"[38294, 15249, 49120, 6059, 48420, 22279, 32623, 12331, 32999, 46193, 47061]","[[40009], [3449, 48893, 38767], [6143, 4664, 22914, 23801], [28297, 8899, 15858, 49999], [1749, 42542, 42431, 26066, 4547], [35365, 3698, 21926], [38022, 10802, 22419, 33925, 46728]]","[11039, 4310, 45147, 48944, 26747, 30203, 40002, 38699, 34077, 6903, 15554, 29307, 19991, 26842, 10700, 9663, 23031]","{""calories"": 184, ""tags"": [""tag_10"", ""tag_1"", ""tag_9"", ""tag_7""], ""flags"": {""vegan"": false, ""gluten_free"": true, ""favorite_score"": 1.99}}","list=[3, 3, 8, 9, 4, 8] ;   dict={""a"": 4, ""b"": 10} ;   flags=[on, maybe, maybe]"
85,"[16880, 5695, 18449, 29184, 22195, 45874, 38749, 6871]","[[28757, 24938, 23826, 13483], [23578, 39920, 43952], [20976]]","[23919, 41384, 29980, 41840, 10556, 29866, 3941, 16301, 14086, 45915, 25498, 11223, 48742, 6623, 8364]","{""calories"": 857, ""tags"": [""tag_4""], ""flags"": {""vegan"": true, ""gluten_free"": false, ""favorite_score"": 0.07}}","list=[5, 8, 8] ;   dict={""a"": 1, ""b"": 8} ;   flags=[on, maybe, maybe]"
86,"[14356, 36810, 35292, 17951, 36966, 32655, 41831, 48836]","[[25681], [44484, 35524, 3849, 17741, 12162], [19613], [46647, 41498]]","[4478, 31471, 43910, 1546, 5364, 26470, 44278, 18780, 44449, 44260, 24607, 8070, 2250, 20168, 43559, 26331, 16149, 25949]","{""calories"": 620, ""tags"": [""tag_6""], ""flags"": {""vegan"": false, ""gluten_free"": true, ""favorite_score"": 0.93}}","list=[8, 9, 1, 1, 4, 9, 5] ;   dict={""a"": 3, ""b"": 9} ;   flags=[off, maybe, on]"
87,"[23726, 45847, 24062, 24290, 41975]","[[33850, 19079], [42011], [26373, 2931, 37368], [15783, 10942, 23399], [44052, 9995, 6753, 48834]]","[35125, 45433, 41137, 41994, 45991, 15904, 28350, 16752, 38545, 11010, 28948, 21472, 40673, 22580, 30436, 36535, 9635, 14550, 43760, 10081, 39078, 36478]","{""calories"": 800, ""tags"": [""tag_3"", ""tag_5""], ""flags"": {""vegan"": true, ""gluten_free"": false, ""favorite_score"": 4.98}}","list=[3, 6, 2, 9] ;   dict={""a"": 5, ""b"": 6} ;   flags=[on, off, on]"
88,"[21885, 28134, 27951, 20880, 30032]","[[10958, 13316, 7997], [13107, 2716], [41432, 18489, 40688, 38161, 41131], [40083, 16216], [46047, 2709], [6208, 46098, 32234], [33920, 40630], [47662, 43570, 25507, 13057]]","[26392, 33207, 32054, 10012, 11733, 13665, 15829, 3112, 27777, 1983, 18685, 28069, 15585, 49651, 44996, 14292, 14406, 5334, 12604, 29788, 41439, 33108, 46079, 22292, 30985, 17173, 29020, 27533, 3741, 40841, 49190, 25928, 48199, 21506, 26831, 41075, 49658]","{""calories"": 685, ""tags"": [""tag_9""], ""flags"": {""vegan"": true, ""gluten_free"": false, ""favorite_score"": 2.28}}","list=[4, 9, 9] ;   dict={""a"": 4, ""b"": 6} ;   flags=[maybe, off, maybe]"
89,"[13442, 20082, 29806, 27085, 20959]","[[11910, 28686, 20295, 41182], [46216], [10321, 31381, 43342, 30602, 6927], [8416, 12781, 39367, 46620, 36809], [26760, 28103]]","[30549, 2632, 12722, 30732, 39686, 47703, 14233, 30798, 6910, 17389, 22238, 46332, 43505, 47626, 11747, 48079, 49055, 9096, 6976, 8481]","{""calories"": 823, ""tags"": [""tag_6"", ""tag_2"", ""tag_9"", ""tag_7""], ""flags"": {""vegan"": true, ""gluten_free"": false, ""favorite_score"": 2.75}}","list=[3, 6, 3] ;   dict={""a"": 2, ""b"": 7} ;   flags=[on, maybe, on]"
90,"[21189, 21284, 48851, 30245, 19925, 42055, 12842, 8704, 9622, 14294, 1231]","[[1800, 31057, 33612], [36618, 1376, 40844, 33339], [15213, 39591], [30736, 27879, 29958, 6203], [40328, 1430, 17037, 36870, 19226], [42198, 37539, 14607, 4205, 13113], [4608, 43813]]","[3406, 10527, 3125, 44712, 38885, 40536, 20558, 22699, 6747, 4213, 8136, 28325, 12681, 11573, 45046, 19637, 41048, 44314, 46319, 46865, 39991]","{""calories"": 686, ""tags"": [""tag_8"", ""tag_10""], ""flags"": {""vegan"": false, ""gluten_free"": true, ""favorite_score"": 0.47}}","list=[6, 6, 7, 2, 7] ;   dict={""a"": 5, ""b"": 6} ;   flags=[off, off, on]"
91,"[46522, 18984, 22575, 35540, 28116, 35383]","[[41111, 4813], [38445], [6745, 32697, 48452, 46131, 40634], [28987, 40901, 21741]]","[35432, 38692, 41844, 24190, 9500, 41258, 37872, 33531, 35059, 48787, 42409, 33619, 33276, 12790, 40938, 16251, 47437, 20037]","{""calories"": 298, ""tags"": [""tag_2""], ""flags"": {""vegan"": true, ""gluten_free"": false, ""favorite_score"": 3.13}}","list=[4, 7, 7] ;   dict={""a"": 1, ""b"": 8} ;   flags=[off, maybe, maybe]"
92,"[1740, 42983, 14185, 46220, 19456, 17673, 5445, 21170]","[[37044, 22228, 1401, 8460, 45946], [23371, 26955, 48474], [41369, 2908, 12510, 13715, 22660], [45071, 32398, 32096], [43313]]","[32555, 11183, 42104, 31187, 36190, 22961, 31308, 28128, 49666, 4671, 35149, 20617, 38024, 48511]","{""calories"": 794, ""tags"": [""tag_9"", ""tag_9"", ""tag_1""], ""flags"": {""vegan"": true, ""gluten_free"": false, ""favorite_score"": 4.0}}","list=[2, 3, 5, 1, 6] ;   dict={""a"": 4, ""b"": 10} ;   flags=[on, maybe, maybe]"
93,"[13280, 40006, 8657, 21203, 47220, 21611, 47520, 3072, 18792, 28123, 6688]","[[25352, 30616], [15164, 35412, 20812], [8355, 25524], [14244], [30083], [2634, 32631, 33771, 11097, 13465]]","[32684, 49001, 35316, 21339, 22452, 10390, 7439, 34826, 45349, 9697, 14447, 48485, 3395, 31105, 26400, 47771, 35232, 8591, 1269, 21380]","{""calories"": 145, ""tags"": [""tag_6""], ""flags"": {""vegan"": false, ""gluten_free"": true, ""favorite_score"": 0.52}}","list=[1, 5, 4, 6, 4] ;   dict={""a"": 2, ""b"": 8} ;   flags=[off, maybe, off]"
94,"[44982, 8710, 18868, 10785, 11321, 18933, 8501, 1999, 41825, 37675, 34689, 7709]","[[23958, 37003, 21872, 18763, 10277], [38623, 17044, 12224], [21406], [23199, 36427, 30074, 4324, 9524]]","[31850, 45269, 4306, 7942, 26139, 4525, 6643, 28948, 26684, 12729]","{""calories"": 821, ""tags"": [""tag_10"", ""tag_6"", ""tag_5"", ""tag_6""], ""flags"": {""vegan"": true, ""gluten_free"": true, ""favorite_score"": 4.87}}","list=[3, 2, 8, 2, 8, 5] ;   dict={""a"": 4, ""b"": 9} ;   flags=[on, on, on]"
95,"[24819, 26695, 13016, 46849, 44593, 22648, 22283, 30706, 32949]","[[32151], [24032], [31227, 12193, 19498, 23846]]","[38662, 9348, 34288, 7745, 27587, 47810, 8011, 22356, 37447, 43562, 5648, 20799, 35914, 31210, 27267, 39701, 28095, 16635, 41689, 16970, 36910, 11421, 32612, 26153, 5329, 23329, 14647, 46485, 39729]","{""calories"": 541, ""tags"": [""tag_10"", ""tag_6"", ""tag_9"", ""tag_4""], ""flags"": {""vegan"": true, ""gluten_free"": true, ""favorite_score"": 3.7}}","list=[8, 2, 8, 6, 9, 2, 8] ;   dict={""a"": 2, ""b"": 8} ;   flags=[off, on, maybe]"
96,"[45925, 40086, 25832, 22457, 33394, 43270]","[[6933], [10104, 39061], [10615], [30686, 35816], [26557, 41342, 38875], [13823, 14478, 45663, 21748], [38373, 45535, 20958], [48041, 23561, 6851, 39189]]","[41074, 34451, 27489, 9359, 20279, 5090, 25197, 36971, 4481, 1055]","{""calories"": 820, ""tags"": [""tag_2"", ""tag_5"", ""tag_1""], ""flags"": {""vegan"": true, ""gluten_free"": false, ""favorite_score"": 3.51}}","list=[6, 7, 7, 7, 7, 9] ;   dict={""a"": 2, ""b"": 7} ;   flags=[off, on, on]"
97,"[24611, 28343, 11110, 19905, 44913, 9227, 9800, 1760, 5701, 43492, 2029]","[[44117, 29621, 9898, 6548], [43090, 28253], [46573, 40611, 28898, 41845], [30779, 34385]]","[37179, 30494, 26212, 24285, 15794, 13176, 28837, 40621, 1486, 38875, 33647, 48901, 16515, 47670, 33881, 18645, 27924, 36793, 38771, 25049, 3192, 3481, 38234]","{""calories"": 594, ""tags"": [""tag_2"", ""tag_10"", ""tag_8""], ""flags"": {""vegan"": true, ""gluten_free"": true, ""favorite_score"": 3.65}}","list=[5, 8, 9, 2, 9, 2, 4] ;   dict={""a"": 4, ""b"": 6} ;   flags=[maybe, maybe, maybe]"
98,"[41176, 4458, 23514, 36063, 1706, 31727, 30755, 34597, 31751]","[[28591, 24128, 20308], [11977, 3315, 46550], [20927, 48642, 37943, 18068, 5025], [38889, 12080, 38542, 4382], [49324, 41915, 2789], [32769, 6407, 9311], [6037, 19209, 17518, 9686, 41356]]","[19036, 17839, 1930, 49590, 8310, 40572, 12443, 39782, 49428, 10904, 44198, 30271, 25233, 12494, 18121, 46925, 16479, 32779]","{""calories"": 285, ""tags"": [""tag_6""], ""flags"": {""vegan"": true, ""gluten_free"": true, ""favorite_score"": 2.98}}","list=[8, 7, 7, 4] ;   dict={""a"": 4, ""b"": 7} ;   flags=[on, maybe, maybe]"
99,"[4560, 43091, 18327, 8601, 4442, 11983, 31409, 27132, 32210, 20750]","[[16313, 25890, 45794, 47242, 26563], [18211, 10512, 35763, 29490], [19926], [26035, 45465, 21688, 35750], [7380], [42774, 24188, 29297, 41008, 43733]]","[18864, 22952, 18716, 18503, 7440, 17734, 43883, 39284, 26634, 31219, 45255, 16846, 49123, 45032, 39582, 13774, 35075, 23112, 45414, 46238, 12791, 21530, 36888, 1693, 45092, 1555, 5453, 1783, 27951, 7402, 35423, 7809, 45924, 30225, 24036, 15379, 48530]","{""calories"": 390, ""tags"": [""tag_4"", ""tag_1"", ""tag_1""], ""flags"": {""vegan"": true, ""gluten_free"": true, ""favorite_score"": 4.69}}","list=[2, 2, 2, 3] ;   dict={""a"": 4, ""b"": 10} ;   flags=[on, on, maybe]"
100,"[17602, 20304, 31602, 44285, 5962, 42863, 30716]","[[46365, 44750, 22194, 17864], [5849, 19172], [26087], [22800, 4936, 17923, 18345], [29873, 5548]]","[14151, 40996, 26731, 12694, 43302, 33247, 8106, 10428, 36430, 29262, 15312, 41236, 43161, 7963, 29939, 47884, 17973, 7769, 3284, 5778, 5614, 38443, 48680, 17423, 30221]","{""calories"": 119, ""tags"": [""tag_3"", ""tag_1"", ""tag_1"", ""tag_7""], ""flags"": {""vegan"": false, ""gluten_free"": true, ""favorite_score"": 3.5}}","list=[1, 9, 8, 8, 7, 7] ;   dict={""a"": 1, ""b"": 10} ;   flags=[on, on, off]"
